Model,MAE,RMSE,MAPE,R2
Lead Forecast,22.161241937283144,26.58411574800277,155.5183250879523,-0.44835347386711155
Revenue Forecast,3213.945574705465,3562.158014636151,3225.5025528582564,-3.451170977933761
