Model,MAE,RMSE,MAPE,R2
Lead Forecast,22.161241937283144,706.7152101032088,364.6441245498253,-0.44835347386711155
Revenue Forecast,3213.945574705465,12688969.721236566,3225.5025528582564,-3.451170977933761
